cpu_percent,ram_used_mb
0.0,2779.0
32.4,2868.74609375
28.8,2916.48828125
30.7,2925.46875
35.9,2965.91015625
23.8,3024.08984375
